<data><event>
<id><![CDATA[1269366989368]]></id>
<text><![CDATA[New event]]></text>
<start_date><![CDATA[2010-01-04 00:00]]></start_date>
<end_date><![CDATA[9999-02-01 00:00]]></end_date>
<rec_type><![CDATA[week_1___2#no]]></rec_type>
<event_length><![CDATA[300]]></event_length>
<event_pid><![CDATA[]]></event_pid>
</event>
<event>
<id><![CDATA[1269366989372]]></id>
<text><![CDATA[New event]]></text>
<start_date><![CDATA[2010-01-14 00:00]]></start_date>
<end_date><![CDATA[2010-01-14 00:05]]></end_date>
<rec_type><![CDATA[]]></rec_type>
<event_length><![CDATA[1263254400]]></event_length>
<event_pid><![CDATA[1269366989368]]></event_pid>
</event></data>